,Date,countyFIPS,StateFIPS,Cases,Death,Population,new_cases,new_deaths,Normalized cases,Normalized deaths,Log normalized cases,Log normalized deaths
0,2020-01-23,95465426,95140,1,0,328239523,0.0,0.0,0.0,0.0,0.0,0.0
1,2020-01-24,95465426,95140,2,0,328239523,1.0,0.0,0.007891525614195465,0.0,0.0,0.0
2,2020-01-25,95465426,95140,2,0,328239523,0.0,0.0,0.0,0.0,0.0,0.0
3,2020-01-26,95465426,95140,5,0,328239523,3.0,0.0,0.01880040981450882,0.0,0.0,0.0
4,2020-01-27,95465426,95140,6,0,328239523,1.0,0.0,0.0025308624118668293,0.0,0.0,0.0
5,2020-01-28,95465426,95140,6,0,328239523,0.0,0.0,0.0,0.0,0.0,0.0
6,2020-01-29,95465426,95140,7,0,328239523,1.0,0.0,0.0025308624118668293,0.0,0.0,0.0
7,2020-01-30,95465426,95140,7,0,328239523,0.0,0.0,0.0,0.0,0.0,0.0
8,2020-01-31,95465426,95140,8,0,328239523,1.0,0.0,0.007891525614195465,0.0,0.0,0.0
9,2020-02-01,95465426,95140,9,0,328239523,1.0,0.0,0.014508517442792551,0.0,0.0,0.0
10,2020-02-02,95465426,95140,9,0,328239523,0.0,0.0,0.0,0.0,0.0,0.0
11,2020-02-03,95465426,95140,11,0,328239523,2.0,0.0,0.005061724823733659,0.0,0.0,0.0
12,2020-02-04,95465426,95140,11,0,328239523,0.0,0.0,0.0,0.0,0.0,0.0
13,2020-02-05,95465426,95140,11,0,328239523,0.0,0.0,0.0,0.0,0.0,0.0
14,2020-02-06,95465426,95140,11,1,328239523,0.0,1.0,0.0,0.0025308624118668293,0.0,0.0
15,2020-02-07,95465426,95140,11,1,328239523,0.0,0.0,0.0,0.0,0.0,0.0
16,2020-02-08,95465426,95140,11,1,328239523,0.0,0.0,0.0,0.0,0.0,0.0
17,2020-02-09,95465426,95140,11,1,328239523,0.0,0.0,0.0,0.0,0.0,0.0
18,2020-02-10,95465426,95140,11,1,328239523,0.0,0.0,0.0,0.0,0.0,0.0
19,2020-02-11,95465426,95140,12,1,328239523,1.0,0.0,0.0025308624118668293,0.0,0.0,0.0
20,2020-02-12,95465426,95140,12,1,328239523,0.0,0.0,0.0,0.0,0.0,0.0
21,2020-02-13,95465426,95140,13,1,328239523,1.0,0.0,0.0025308624118668293,0.0,0.0,0.0
22,2020-02-14,95465426,95140,13,1,328239523,0.0,0.0,0.0,0.0,0.0,0.0
23,2020-02-15,95465426,95140,13,1,328239523,0.0,0.0,0.0,0.0,0.0,0.0
24,2020-02-16,95465426,95140,13,1,328239523,0.0,0.0,0.0,0.0,0.0,0.0
25,2020-02-17,95465426,95140,13,2,328239523,0.0,1.0,0.0,0.0025308624118668293,0.0,0.0
26,2020-02-18,95465426,95140,14,2,328239523,1.0,0.0,0.0025308624118668293,0.0,0.0,0.0
27,2020-02-19,95465426,95140,14,2,328239523,0.0,0.0,0.0,0.0,0.0,0.0
28,2020-02-20,95465426,95140,14,2,328239523,0.0,0.0,0.0,0.0,0.0,0.0
29,2020-02-21,95465426,95140,17,2,328239523,3.0,0.0,0.0075925872356004875,0.0,0.0,0.0
30,2020-02-22,95465426,95140,17,2,328239523,0.0,0.0,0.0,0.0,0.0,0.0
31,2020-02-23,95465426,95140,17,2,328239523,0.0,0.0,0.0,0.0,0.0,0.0
32,2020-02-24,95465426,95140,18,2,328239523,1.0,0.0,0.0025308624118668293,0.0,0.0,0.0
33,2020-02-25,95465426,95140,18,2,328239523,0.0,0.0,0.0,0.0,0.0,0.0
34,2020-02-26,95465426,95140,20,2,328239523,2.0,0.0,0.005061724823733659,0.0,0.0,0.0
35,2020-02-27,95465426,95140,21,2,328239523,1.0,0.0,0.0025308624118668293,0.0,0.0,0.0
36,2020-02-28,95465426,95140,23,2,328239523,2.0,0.0,0.005061724823733659,0.0,0.0,0.0
37,2020-02-29,95465426,95140,34,3,328239523,11.0,1.0,0.11262581172792649,0.013132160885254724,0.0,0.0
38,2020-03-01,95465426,95140,40,3,328239523,6.0,0.0,0.15481669687333877,0.0,0.0,0.0
39,2020-03-02,95465426,95140,62,8,328239523,22.0,5.0,0.3452203434925423,0.06566080442627362,0.0,0.0
40,2020-03-03,95465426,95140,81,9,328239523,19.0,1.0,0.2498784947507544,0.013132160885254724,0.0,0.0
41,2020-03-04,95465426,95140,116,13,328239523,35.0,4.0,0.23928202772147578,0.041927345067630996,0.0,0.0
42,2020-03-05,95465426,95140,182,14,328239523,66.0,1.0,0.5967341491555157,0.013132160885254724,0.0,0.0
43,2020-03-06,95465426,95140,231,19,328239523,49.0,5.0,0.5254685597402298,0.03810715219837349,0.0,0.0
44,2020-03-07,95465426,95140,355,22,328239523,124.0,3.0,1.1600463349366308,0.03939648265576417,0.0,0.0
45,2020-03-08,95465426,95140,471,25,328239523,116.0,3.0,1.7895321223189966,0.03939648265576417,0.0,0.0
46,2020-03-09,95465426,95140,730,31,328239523,259.0,6.0,3.033588207728259,0.06631799062839931,0.0,0.0
47,2020-03-10,95465426,95140,1005,34,328239523,275.0,3.0,3.7509287699295437,0.12870092829780544,0.3020379602018921,0.0
48,2020-03-11,95465426,95140,1234,40,328239523,229.0,6.0,3.5998928409528324,0.06819166683814044,0.0,0.0
49,2020-03-12,95465426,95140,1621,44,328239523,387.0,4.0,5.532623507174105,0.07000797365135755,0.07402821923650928,0.0
50,2020-03-13,95465426,95140,2150,51,328239523,529.0,7.0,6.594315014350972,0.09615788705824498,0.16711864230252133,0.0
51,2020-03-14,95465426,95140,2883,60,328239523,733.0,9.0,10.179124524532716,0.1112694620331702,0.38491449386453447,0.0
52,2020-03-15,95465426,95140,3449,67,328239523,566.0,7.0,6.436563301728015,0.08647850342539448,0.0,0.0
53,2020-03-16,95465426,95140,4358,92,328239523,909.0,25.0,14.633627940835622,0.2508510889916028,0.6430995482078017,0.0
54,2020-03-17,95465426,95140,6133,105,328239523,1775.0,13.0,23.09947316878257,0.12182551153380296,2.4804163680568245,0.0
55,2020-03-18,95465426,95140,8888,136,328239523,2755.0,31.0,26.67630817243856,0.42061843757909867,3.359336070998014,0.0
56,2020-03-19,95465426,95140,13752,176,328239523,4864.0,40.0,51.327075232908534,0.8066285576256816,9.483870696385159,0.0
57,2020-03-20,95465426,95140,18638,214,328239523,4886.0,38.0,51.36958477572867,0.6443033387143212,8.14728606835452,0.0
58,2020-03-21,95465426,95140,25790,267,328239523,7152.0,53.0,70.11700412097632,0.7087632246024087,13.225155124974439,0.0
59,2020-03-22,95465426,95140,32925,374,328239523,7135.0,107.0,75.8390117105519,0.9348014417534973,15.995628777758194,0.0
60,2020-03-23,95465426,95140,42732,513,328239523,9807.0,139.0,97.22413890041834,1.8593200833230485,19.467226129201453,0.0
61,2020-03-24,95465426,95140,52665,704,328239523,9933.0,191.0,113.15218474537113,1.7255621416643936,24.82434840735268,0.0
62,2020-03-25,95465426,95140,66854,951,328239523,14189.0,247.0,159.31319377312218,2.7925203132100793,36.67656971541005,0.0
63,2020-03-26,95465426,95140,82978,1206,328239523,16124.0,255.0,179.4053357270708,2.654013420547319,42.7115803804898,0.0
64,2020-03-27,95465426,95140,99421,1565,328239523,16443.0,359.0,191.7278304366261,4.618191403425628,49.96904018106495,0.0
65,2020-03-28,95465426,95140,119065,2083,328239523,19644.0,518.0,219.21602860595797,5.612651055775751,53.34043757681249,0.21832249502326317
66,2020-03-29,95465426,95140,136732,2350,328239523,17667.0,267.0,205.72515260472545,3.6529695394836166,50.24319961997192,0.0
67,2020-03-30,95465426,95140,157656,2798,328239523,20924.0,448.0,245.16443028457172,4.921002782309736,56.90645088667566,0.0
68,2020-03-31,95465426,95140,180943,3520,328239523,23287.0,722.0,288.09999866082586,8.916052690716839,64.39909517268659,0.18918391432100368
69,2020-04-01,95465426,95140,205529,4494,328239523,24586.0,974.0,290.30042727090233,10.13724005186335,65.86158994491306,1.1680783100512677
70,2020-04-02,95465426,95140,233841,5415,328239523,28312.0,921.0,357.91240001315714,10.816698425089479,73.62285718591659,0.9966891101227935
71,2020-04-03,95465426,95140,269391,6441,328239523,35550.0,1026.0,402.0470670115301,11.309018932429721,76.92739757842256,1.191138155243276
72,2020-04-04,95465426,95140,302647,7761,328239523,33256.0,1320.0,408.3912797392575,12.792078960011983,77.96606920420042,1.9486499545922653
73,2020-04-05,95465426,95140,328343,9196,328239523,25696.0,1435.0,313.6667438413462,13.114692934330705,70.28602699803305,1.8221553037654656
74,2020-04-06,95465426,95140,358260,10441,328239523,29917.0,1245.0,382.9503783897562,11.722336860685092,74.77153294095226,1.1806963094691743
75,2020-04-07,95465426,95140,389944,12414,328239523,31684.0,1973.0,401.05649287196127,22.324525378077578,79.05794191391932,4.611784296059011
76,2020-04-08,95465426,95140,422956,14332,328239523,33012.0,1918.0,418.9687591362567,19.87193451257203,79.50200115227514,3.670903921517284
77,2020-04-09,95465426,95140,456528,16122,328239523,33572.0,1790.0,412.8386328118443,18.48328270717466,81.04330323727392,2.611123442325145
78,2020-04-10,95465426,95140,489954,18395,328239523,33426.0,2273.0,398.1265210190651,22.794399201165902,78.41241385502856,4.406333398219778
79,2020-04-11,95465426,95140,520551,20099,328239523,30597.0,1704.0,400.6122632772136,17.071597064989554,76.49119102147301,2.8608781240460504
80,2020-04-12,95465426,95140,547386,21677,328239523,26835.0,1578.0,327.4616511450622,15.006145940796015,67.70621717190696,2.660851932427412
81,2020-04-13,95465426,95140,572019,22246,328239523,24633.0,569.0,313.00226728741916,6.175663864857869,65.83768134762188,1.0471766897942285
82,2020-04-14,95465426,95140,597897,26774,328239523,25878.0,4528.0,393.18197464100103,46.39889976526801,67.08287711665562,9.709207239495285
83,2020-04-15,95465426,95140,628173,29152,328239523,30276.0,2378.0,358.81458884102545,29.268047576427872,71.16320519544797,6.186538545922872
84,2020-04-16,95465426,95140,660757,31383,328239523,32584.0,2231.0,469.3736212603602,27.685563551953283,84.13959972686393,5.926808282689079
85,2020-04-17,95465426,95140,691669,33225,328239523,30912.0,1842.0,423.137057558631,22.254720883675613,81.54478718549755,4.007938831226797
86,2020-04-18,95465426,95140,719345,34854,328239523,27676.0,1629.0,399.58827331378717,19.305827978658858,78.94275769979417,2.919194104423124
87,2020-04-19,95465426,95140,744934,37368,328239523,25589.0,2514.0,338.296368752657,21.441453490951204,69.23861839297614,4.060588386461281
88,2020-04-20,95465426,95140,771292,39147,328239523,26358.0,1779.0,409.6884866431694,22.718874664397365,75.59969973690042,4.261004692569257
89,2020-04-21,95465426,95140,796546,41830,328239523,25254.0,2683.0,370.56294248283916,30.759935894640712,74.93045598544181,6.274886608487982
90,2020-04-22,95465426,95140,825152,43849,328239523,28606.0,2019.0,446.8162892068844,26.906159841815867,83.23806687896423,4.88834244246193
91,2020-04-23,95465426,95140,856451,45695,328239523,31299.0,1846.0,444.6110974296929,22.95166551351078,84.85233602886775,4.503626751929225
92,2020-04-24,95465426,95140,893707,48481,328239523,37256.0,2786.0,519.6097324456078,33.98264160657226,92.08629043283142,7.429979623177483
93,2020-04-25,95465426,95140,927339,50582,328239523,33632.0,2101.0,473.4803348085942,34.53302145728467,87.63627020604089,8.27100766228026
94,2020-04-26,95465426,95140,952619,51752,328239523,25280.0,1170.0,400.3129161035302,15.19034393608799,75.30564221224273,3.00135760321203
95,2020-04-27,95465426,95140,975482,53120,328239523,22863.0,1368.0,340.9387900106088,17.23953026705275,74.9276507321031,2.6670037934260673
96,2020-04-28,95465426,95140,999709,55270,328239523,24227.0,2150.0,378.7673780183458,25.796729363841855,78.56997161453712,4.7535169581772205
97,2020-04-29,95465426,95140,1027584,58228,328239523,27875.0,2958.0,427.3126985093532,42.28414854822582,84.11263097493432,10.471873624676798
98,2020-04-30,95465426,95140,1056479,60356,328239523,28895.0,2128.0,453.16183970713007,28.769722007342097,88.92133961011665,5.4956768815026065
99,2020-05-01,95465426,95140,1089920,62202,328239523,33441.0,1846.0,544.8971917253252,24.734459126914462,95.10333116228693,3.9118443569467467
100,2020-05-02,95465426,95140,1119519,63967,328239523,29599.0,1765.0,452.7789352447058,22.93404820583946,90.71994950395901,4.309131224883752
101,2020-05-03,95465426,95140,1144082,65196,328239523,24563.0,1229.0,378.5895332070101,16.913157934439344,78.81855592398122,2.8758613982075767
102,2020-05-04,95465426,95140,1165932,66172,328239523,21850.0,976.0,345.0346174669283,12.051255412452583,78.52122712112144,1.0770296529439094
103,2020-05-05,95465426,95140,1189359,68650,328239523,23427.0,2478.0,341.2475971201227,30.018841824701187,76.3544657908107,5.129259469312383
104,2020-05-06,95465426,95140,1213640,71418,328239523,24281.0,2768.0,384.1166284558955,40.37107606172229,82.81082896063693,7.594241249497371
105,2020-05-07,95465426,95140,1240861,73517,328239523,27221.0,2099.0,425.88534987467864,27.344045931506447,86.85531435733458,5.181458377314323
106,2020-05-08,95465426,95140,1267895,75249,328239523,27034.0,1732.0,437.8266584219445,22.682350759928887,85.86209206516774,3.865958683814783
107,2020-05-09,95465426,95140,1293289,76846,328239523,25394.0,1597.0,398.21506773829344,20.753102798647355,84.30960909446227,2.688516542984687
108,2020-05-10,95465426,95140,1312658,77811,328239523,19369.0,965.0,296.4615479911516,13.035018629524382,71.26838622719167,1.9931596500115891
109,2020-05-11,95465426,95140,1331877,78798,328239523,19219.0,987.0,435.148647468076,14.588195043963067,73.07927536332751,1.736714522132737
110,2020-05-12,95465426,95140,1353165,80435,328239523,21288.0,1637.0,320.3030892859873,22.419029694905134,76.94169820734466,1.7357117439217222
111,2020-05-13,95465426,95140,1374193,82213,328239523,21028.0,1778.0,359.28838009553357,24.750969331118256,82.4285241980839,4.060791016490756
112,2020-05-14,95465426,95140,1400617,84071,328239523,26424.0,1858.0,401.1686296076586,25.094125592465172,86.43096315265393,4.048952568380857
113,2020-05-15,95465426,95140,1425252,85600,328239523,24635.0,1529.0,369.3609581860884,21.434454735982634,85.11799839302506,2.4632490789570602
114,2020-05-16,95465426,95140,1449373,86884,328239523,24121.0,1284.0,366.968902521104,22.884756347399417,83.32145991631427,3.5392254320211998
115,2020-05-17,95465426,95140,1467293,87706,328239523,17920.0,822.0,262.29146068988604,11.809591194441092,64.91273710129954,1.3656593836960749
116,2020-05-18,95465426,95140,1488226,88733,328239523,20933.0,1027.0,329.17824908857943,13.76981842035789,75.31915923974518,1.1654814919960754
117,2020-05-19,95465426,95140,1508825,90238,328239523,20599.0,1505.0,351.9720501441167,19.729391916613178,78.73915425421133,0.8969089264136213
118,2020-05-20,95465426,95140,1531368,91819,328239523,22543.0,1581.0,421.23415799759323,21.750214718245967,81.73183150524993,1.9351118144029416
119,2020-05-21,95465426,95140,1556910,93141,328239523,25542.0,1322.0,435.153426669823,18.11452585382505,91.54971370445266,0.6478770703763054
120,2020-05-22,95465426,95140,1580509,94481,328239523,23599.0,1340.0,369.3964490336814,23.98904052331356,86.30044348112568,2.957967353997577
121,2020-05-23,95465426,95140,1602345,95594,328239523,21836.0,1113.0,352.22941358051617,14.706356071428107,82.86987131327416,0.44518097574724746
122,2020-05-24,95465426,95140,1622633,96221,328239523,20288.0,627.0,309.5850268034883,8.497663368353425,74.09043267033306,0.008944803778120274
123,2020-05-25,95465426,95140,1642097,96843,328239523,19464.0,622.0,292.54130397924575,11.028592516489187,68.84778716673001,1.1035876014520711
124,2020-05-26,95465426,95140,1659929,97503,328239523,17832.0,660.0,263.3518125573059,9.310122711973841,68.3741393040724,0.0
125,2020-05-27,95465426,95140,1678388,98861,328239523,18459.0,1358.0,294.03255542082013,18.926477348346666,73.38305412783275,0.7949574814185916
126,2020-05-28,95465426,95140,1700839,100045,328239523,22451.0,1184.0,335.0209577410397,16.2705410392667,83.97409839800449,0.41412126235123564
127,2020-05-29,95465426,95140,1725658,101364,328239523,24819.0,1319.0,365.62856166521146,27.76143423912852,86.27892570646596,3.0615636029698594
128,2020-05-30,95465426,95140,1748173,102207,328239523,22515.0,843.0,341.3120819471755,11.896991639376063,77.99811106176492,0.3486995574601046
129,2020-05-31,95465426,95140,1767634,102796,328239523,19461.0,589.0,267.3955729517784,8.502104041147701,68.3897888877373,0.1107860296882054
130,2020-06-01,95465426,95140,1788915,103496,328239523,21281.0,700.0,328.89060993879775,9.99099629171961,74.13911844534566,0.970987294911317
131,2020-06-02,95465426,95140,1808248,104768,328239523,19333.0,1272.0,266.12268618064275,17.573902872401252,70.84815361583398,0.9438576689800823
132,2020-06-03,95465426,95140,1827881,105754,328239523,19633.0,986.0,278.2322475312113,12.917731381147837,74.61752053224194,0.2138471245787833
133,2020-06-04,95465426,95140,1849694,106742,328239523,21813.0,988.0,320.9065644158464,13.475376910635044,81.23655709238834,0.03976273361023298
134,2020-06-05,95465426,95140,1877772,107847,328239523,28078.0,1105.0,369.34927037885154,15.188316755152776,83.66968248357327,0.949104563383285
135,2020-06-06,95465426,95140,1900673,108643,328239523,22901.0,796.0,345.72281783017957,10.343366607250484,84.38690532837657,0.0
136,2020-06-07,95465426,95140,1918559,109063,328239523,17886.0,420.0,249.72895499056304,6.664604334431119,69.01635147310893,0.0
137,2020-06-08,95465426,95140,1936316,109611,328239523,17757.0,548.0,346.4263280909959,9.48909085623377,74.73677636008388,0.8178028411937783
138,2020-06-09,95465426,95140,1954862,110561,328239523,18546.0,950.0,256.05982184698814,13.725366147433798,70.75683994520416,0.21091098980606235
139,2020-06-10,95465426,95140,1975326,111471,328239523,20464.0,910.0,284.97619001160183,12.145909329721789,76.62426681796012,0.0
140,2020-06-11,95465426,95140,1997590,112365,328239523,22264.0,894.0,305.10270835804994,12.693709459323761,76.24994283819544,0.0
141,2020-06-12,95465426,95140,2023225,113126,328239523,25635.0,761.0,375.9431203940288,10.360348590155988,88.13253436292298,0.0
142,2020-06-13,95465426,95140,2048360,113857,328239523,25135.0,731.0,356.05231184956557,9.682616258856928,84.93042481620198,0.09833423745693899
143,2020-06-14,95465426,95140,2068441,114184,328239523,20081.0,327.0,267.558830746856,4.9606124981033215,67.82849312362346,0.0
144,2020-06-15,95465426,95140,2087164,114593,328239523,18723.0,409.0,300.0303339761725,5.171018585536818,72.49753489355686,0.0
145,2020-06-16,95465426,95140,2112212,115345,328239523,25048.0,752.0,306.7578196937512,10.219308355673778,74.59197531815732,0.0
146,2020-06-17,95465426,95140,2136352,116128,328239523,24140.0,783.0,317.5344848888901,10.839497049571186,80.73644943113872,0.001087112431780949
147,2020-06-18,95465426,95140,2163657,116896,328239523,27305.0,768.0,340.52124727731336,16.883356394438092,79.26958437365926,2.0585896186424306
148,2020-06-19,95465426,95140,2194849,117690,328239523,31192.0,794.0,420.0384536350065,14.18352916143188,90.78046280810487,1.328628464959769
149,2020-06-20,95465426,95140,2225344,118253,328239523,30495.0,563.0,381.38196955015906,7.005363974647125,84.63022456487313,0.0
150,2020-06-21,95465426,95140,2252443,118522,328239523,27099.0,269.0,335.8758315807782,3.5351815050102546,78.07478847083676,0.0
151,2020-06-22,95465426,95140,2282287,118873,328239523,29844.0,351.0,417.16157163496155,5.035019645434971,81.32652494844683,0.24437088381051414
152,2020-06-23,95465426,95140,2317305,119700,328239523,35018.0,827.0,407.66749485362726,17.42209610471885,82.99890180386042,1.9581077160968148
153,2020-06-24,95465426,95140,2352532,120449,328239523,35227.0,749.0,437.39481281847077,9.630141202260457,91.74212640115485,0.0
154,2020-06-25,95465426,95140,2391048,121069,328239523,38516.0,620.0,494.92234742027506,7.941650894565401,98.12938601445805,0.0
155,2020-06-26,95465426,95140,2436969,121703,328239523,45921.0,634.0,570.2884410667742,8.979342568738794,105.0611566820401,0.0
156,2020-06-27,95465426,95140,2478600,124099,328239523,41631.0,2396.0,492.4898877258067,28.345850317772612,92.63177428761131,3.056640105491813
157,2020-06-28,95465426,95140,2516313,124366,328239523,37713.0,267.0,460.4994310590347,3.1741755554022193,88.08403236600665,0.0
158,2020-06-29,95465426,95140,2555650,124717,328239523,39337.0,351.0,522.1204818490297,7.765711219358917,95.7143520800279,1.2232679493019425
159,2020-06-30,95465426,95140,2602988,125985,328239523,47338.0,1268.0,562.3306189244124,11.630201743998324,101.03045504227953,1.195529493104196
160,2020-07-01,95465426,95140,2651799,126661,328239523,48811.0,676.0,567.8021177509718,8.616838781677242,97.42569626833892,0.1897971110707376
161,2020-07-02,95465426,95140,2706043,127329,328239523,54244.0,668.0,628.2747455399674,7.905051444199374,105.40943919586594,0.0
162,2020-07-03,95465426,95140,2760382,127933,328239523,54339.0,604.0,724.3555121262303,8.307981382621575,115.43259779254089,0.0
163,2020-07-04,95465426,95140,2805414,128168,328239523,45032.0,235.0,545.3291524391743,3.246118227833424,90.96218132184869,0.0
164,2020-07-05,95465426,95140,2846249,128391,328239523,40835.0,223.0,508.8374480138501,2.9572157363130422,92.48843651979003,0.0
165,2020-07-06,95465426,95140,2900508,128786,328239523,54259.0,395.0,603.6116443567975,4.484625650815894,102.2861321784837,0.0
166,2020-07-07,95465426,95140,2955446,129970,328239523,54938.0,1184.0,625.6517725909172,38.499298302951615,104.9568203257676,4.1472646711766235
167,2020-07-08,95465426,95140,3012371,130810,328239523,56925.0,840.0,682.2556432014982,10.761128015047444,110.9079444689582,0.007982105746283759
168,2020-07-09,95465426,95140,3074669,131794,328239523,62298.0,984.0,760.656112626548,11.68827010125426,117.54595500218217,0.29690536002157325
169,2020-07-10,95465426,95140,3143951,132619,328239523,69282.0,825.0,831.6092213696405,9.983340153310431,119.78930726701549,0.0
170,2020-07-11,95465426,95140,3204548,133312,328239523,60597.0,693.0,744.6381370872372,8.51081253446474,113.87538222177173,0.0
171,2020-07-12,95465426,95140,3261918,133736,328239523,57370.0,424.0,647.291925884934,4.988805779242414,108.13111465641883,0.1668075928460389
172,2020-07-13,95465426,95140,3318371,134082,328239523,56453.0,346.0,694.9554031439694,4.7487784417382715,111.92156713719086,0.0
173,2020-07-14,95465426,95140,3386391,134966,328239523,68020.0,884.0,837.0346275228923,12.12255550038856,119.04101910645879,0.23424887364157151
174,2020-07-15,95465426,95140,3452127,135912,328239523,65736.0,946.0,783.4500076786452,13.874579504961373,114.82783891213849,1.2942161159282208
175,2020-07-16,95465426,95140,3528096,136822,328239523,75969.0,910.0,877.4667410558319,11.722551847759917,119.97073431550457,0.292774436847851
176,2020-07-17,95465426,95140,3596502,137714,328239523,68406.0,892.0,913.000709943509,10.982850225295712,124.43176264436518,0.22331980310938118
177,2020-07-18,95465426,95140,3661609,138622,328239523,65107.0,908.0,783.0019657725223,9.84930122521537,115.24791681944221,0.7028928833712673
178,2020-07-19,95465426,95140,3720814,139062,328239523,59205.0,440.0,724.227182748817,5.3120794401159435,106.28870059903716,0.0
179,2020-07-20,95465426,95140,3777687,139473,328239523,56873.0,411.0,777.6820744320762,4.897341766767661,108.49393249328078,0.0
180,2020-07-21,95465426,95140,3844498,140596,328239523,66811.0,1123.0,826.4285629218634,14.736132972768434,120.87242509211026,0.7350916480984578
181,2020-07-22,95465426,95140,3911513,141684,328239523,67015.0,1088.0,878.3850770416401,14.745057293357407,127.80690590510912,0.6067006640272594
182,2020-07-23,95465426,95140,3979690,142773,328239523,68177.0,1089.0,868.5276903105752,12.013759621741768,123.57077463580538,0.21100831715668983
183,2020-07-24,95465426,95140,4052484,143886,328239523,72794.0,1113.0,968.0469349513841,17.401685823134606,132.27624369883034,1.6977296586697348
184,2020-07-25,95465426,95140,4117316,144806,328239523,64832.0,920.0,832.891403538093,10.405312641884082,118.62245829495511,1.0314009695675146
185,2020-07-26,95465426,95140,4173252,145326,328239523,55936.0,520.0,805.4293180071843,6.098628954198718,121.24032926310211,0.032008086791572576
186,2020-07-27,95465426,95140,4228903,146441,328239523,55651.0,1115.0,747.3396880110138,8.453326655926125,113.37816938745375,0.842006451234819
187,2020-07-28,95465426,95140,4291691,147726,328239523,62788.0,1285.0,774.6035328106711,16.24838712168528,118.90189753370086,0.7302653839041137
188,2020-07-29,95465426,95140,4368469,149334,328239523,76778.0,1608.0,921.410812240506,17.527097365603016,129.2387520037204,1.2523786577903628
189,2020-07-30,95465426,95140,4427208,150258,328239523,58739.0,924.0,842.9114697954478,14.923914865171573,118.30314620651343,1.648044788633829
190,2020-07-31,95465426,95140,4494083,151720,328239523,66875.0,1462.0,914.4162286298691,16.541383110697726,128.5682310872083,0.7547390022235849
191,2020-08-01,95465426,95140,4553517,152843,328239523,59434.0,1123.0,735.1519226974906,12.210061322279232,108.7175531795069,0.0
192,2020-08-02,95465426,95140,4588764,153217,328239523,35247.0,374.0,631.2641188193953,5.751947450973372,105.28653855399601,0.22125008643010088
193,2020-08-03,95465426,95140,4645744,153813,328239523,56980.0,596.0,724.066486191381,6.045950106729721,115.07845776634055,0.0
194,2020-08-04,95465426,95140,4698139,155137,328239523,52395.0,1324.0,716.5787708441691,14.84243418885427,114.50287541969452,0.6592210752750935
195,2020-08-05,95465426,95140,4751585,156382,328239523,53446.0,1245.0,790.7255429889364,13.958171287737482,125.34520033466522,0.22486681418443322
196,2020-08-06,95465426,95140,4807882,157566,328239523,56297.0,1184.0,732.9137069881597,13.042561447974727,118.12717830469538,0.3443789415826526
197,2020-08-07,95465426,95140,4868045,158878,328239523,60163.0,1312.0,825.4887222146862,15.02824865359578,126.61304322910468,0.659686997921769
198,2020-08-08,95465426,95140,4921788,159850,328239523,53743.0,972.0,724.4201641929225,11.212142963693388,111.05984176704247,0.0
199,2020-08-09,95465426,95140,4968388,160605,328239523,46600.0,755.0,634.4477291896382,10.99361942436675,109.76718803436526,1.8717593437552096
200,2020-08-10,95465426,95140,5010815,161065,328239523,42427.0,460.0,538.0488573611143,5.941140767515218,104.25754241720443,0.0
201,2020-08-11,95465426,95140,5067410,162477,328239523,56595.0,1412.0,615.9614830079521,15.980045906407234,112.3880318356753,0.34146880532553636
202,2020-08-12,95465426,95140,5120343,163911,328239523,52933.0,1434.0,753.4593731946003,16.812511236127904,117.47520622371881,1.9148961445731632
203,2020-08-13,95465426,95140,5171957,165093,328239523,51614.0,1182.0,670.771105166095,12.629421103512566,115.3720988403162,0.1277827234418707
204,2020-08-14,95465426,95140,5229372,166263,328239523,57415.0,1170.0,820.8846088375257,11.660365433374448,127.74386573057333,0.20872856470143875
205,2020-08-15,95465426,95140,5279588,167361,328239523,50216.0,1098.0,651.2594360138637,12.984189634241682,112.31523515023825,0.3017222597140936
206,2020-08-16,95465426,95140,5317220,167902,328239523,37632.0,541.0,531.930933176135,6.111892997196176,102.33016244688316,0.5046124977373654
207,2020-08-17,95465426,95140,5357819,168387,328239523,40599.0,485.0,495.6806265316911,5.9817943876290744,101.69243827199205,0.0
208,2020-08-18,95465426,95140,5399214,169623,328239523,41395.0,1236.0,523.8367345050962,13.97132498995648,102.98908972271008,0.21861609273275145
209,2020-08-19,95465426,95140,5444284,171032,328239523,45070.0,1409.0,679.7031109930138,16.736705721084665,114.76706421226334,1.1599372794136322
210,2020-08-20,95465426,95140,5487699,172164,328239523,43415.0,1132.0,604.7333243893654,14.981209673690147,109.40779344120908,1.167554512087047
211,2020-08-21,95465426,95140,5537562,173294,328239523,49863.0,1130.0,766.5596860577139,14.354564252751455,120.38691564855296,0.19194102410883856
212,2020-08-22,95465426,95140,5582026,174308,328239523,44464.0,1014.0,666.6332409818716,11.937711834598353,112.47559072554864,0.0
213,2020-08-23,95465426,95140,5614367,174753,328239523,32341.0,445.0,474.001427641316,5.50095843572185,96.52458671033622,0.23834451978940105
214,2020-08-24,95465426,95140,5651547,175196,328239523,37180.0,443.0,543.7957952606124,6.04073800596114,105.86326082127533,0.0
215,2020-08-25,95465426,95140,5689768,176382,328239523,38221.0,1186.0,527.1187465287604,15.477619930611775,103.75270061837942,0.8114773434750944
216,2020-08-26,95465426,95140,5735771,177790,328239523,46003.0,1408.0,763.863332176516,19.844942670461492,118.30452412453448,2.3508907428655514
217,2020-08-27,95465426,95140,5781551,178894,328239523,45780.0,1104.0,751.7755441413083,12.197007543678335,117.98237509638277,0.06600111748306255
218,2020-08-28,95465426,95140,5826526,179890,328239523,44975.0,996.0,786.950661813285,12.869312362512659,123.82036517559341,0.18335257459668128
219,2020-08-29,95465426,95140,5869727,180977,328239523,43201.0,1087.0,748.9884159872579,13.041132019915999,118.23390020198651,0.28861413061469426
220,2020-08-30,95465426,95140,5902708,181249,328239523,32981.0,272.0,523.7616408520478,5.258106240334877,95.70978997220084,0.0
221,2020-08-31,95465426,95140,5938456,181718,328239523,35748.0,469.0,557.5947783868763,7.285320211324888,105.54761878585208,0.07252062688385513
222,2020-09-01,95465426,95140,5981491,182788,328239523,43035.0,1070.0,597.6053946614671,13.142800881446096,111.47653082435032,0.0
223,2020-09-02,95465426,95140,6021516,183818,328239523,40025.0,1030.0,699.3532719881111,13.836831941708214,116.93401741661565,0.14735843563241516
224,2020-09-03,95465426,95140,6063617,184874,328239523,42101.0,1056.0,706.700820157584,11.042475104832057,118.85086113195617,0.0
225,2020-09-04,95465426,95140,6112912,185814,328239523,49295.0,940.0,799.8365397521094,12.488975355426927,121.17366003242014,0.23599630808210328
226,2020-09-05,95465426,95140,6157276,186680,328239523,44364.0,866.0,682.6628635909752,11.74341887081016,109.7838292948317,0.22681456696870592
227,2020-09-06,95465426,95140,6187039,187063,328239523,29763.0,383.0,512.0518444209118,5.811564888288603,96.68991061163817,0.22125008643010088
228,2020-09-07,95465426,95140,6213298,187308,328239523,26259.0,245.0,457.0591829583488,3.2466904048187564,96.5452485882328,0.0
229,2020-09-08,95465426,95140,6237515,187683,328239523,24217.0,375.0,397.5035791523167,4.402426163319365,91.25880609991542,0.0
230,2020-09-09,95465426,95140,6271787,188866,328239523,34272.0,1183.0,572.6256118076387,15.853084736045645,108.58763944201604,0.25534692037255613
231,2020-09-10,95465426,95140,6308498,189913,328239523,36711.0,1047.0,641.9580093742734,14.002234378443603,114.38052835145766,0.007982105746283759
232,2020-09-11,95465426,95140,6354774,191003,328239523,46276.0,1090.0,765.6430009825835,13.336081685491665,125.410724203675,0.028959845802713317
233,2020-09-12,95465426,95140,6393270,191695,328239523,38496.0,692.0,637.0876018341222,8.696050849943463,109.23093334990634,0.0
234,2020-09-13,95465426,95140,6427012,192069,328239523,33742.0,374.0,615.1179810644555,5.169547469746611,102.70389079026062,0.0
235,2020-09-14,95465426,95140,6461898,192494,328239523,34886.0,425.0,610.2549332342517,8.003099884063964,106.09562883056668,0.2564471385701807
236,2020-09-15,95465426,95140,6496261,193560,328239523,34363.0,1066.0,563.1205314513314,12.622103896808854,108.7245846049269,0.11752693564029223
237,2020-09-16,95465426,95140,6543828,194698,328239523,47567.0,1138.0,868.5775517391925,19.897085943929206,124.04869632090573,1.942500614327047
238,2020-09-17,95465426,95140,6587621,195552,328239523,43793.0,854.0,764.8150760765553,11.5638657345965,122.19112953888187,0.2717273617760327
239,2020-09-18,95465426,95140,6635702,196454,328239523,48081.0,902.0,875.3098105578648,13.013096742808317,129.4006390973958,0.0
240,2020-09-19,95465426,95140,6678865,197148,328239523,43163.0,694.0,738.2671928421454,9.91298782638846,115.68900970633173,0.048583810461822995
241,2020-09-20,95465426,95140,6713299,197420,328239523,34434.0,272.0,616.039720384635,3.9584839647871024,109.62756061139845,0.0
242,2020-09-21,95465426,95140,6751291,197729,328239523,37992.0,309.0,617.9624634799485,5.555658722552105,108.2331837864999,0.0
243,2020-09-22,95465426,95140,6800194,198661,328239523,48903.0,932.0,683.3740972251923,12.79563395190853,112.23859135844437,0.1903036625402384
244,2020-09-23,95465426,95140,6839253,199772,328239523,39059.0,1111.0,808.607678114618,15.329466313921085,121.0769842359222,1.0770929796866024
245,2020-09-24,95465426,95140,6884966,200680,328239523,45713.0,908.0,839.0980478671329,12.092541901129396,124.95096065834689,0.048583810461822995
246,2020-09-25,95465426,95140,6939704,201591,328239523,54738.0,911.0,1041.430252389351,12.96173192891661,133.71100878938898,0.0
247,2020-09-26,95465426,95140,6981953,202278,328239523,42249.0,687.0,834.8612965451772,9.383206765793643,122.01349392676939,0.11711564971228136
248,2020-09-27,95465426,95140,7019880,202567,328239523,37927.0,289.0,652.2972896634975,4.335558863684131,108.38241355203378,0.0
249,2020-09-28,95465426,95140,7052293,202886,328239523,32413.0,319.0,665.9581119887331,7.36233832662562,112.80463766912696,1.1046364847111365
250,2020-09-29,95465426,95140,7089393,203730,328239523,37100.0,844.0,651.4335969278417,11.972152075900825,110.94677987180788,0.1903036625402384
251,2020-09-30,95465426,95140,7134139,204722,328239523,44746.0,992.0,920.5889489732062,14.805667278863849,130.95106858591774,0.320698568935785
252,2020-10-01,95465426,95140,7180786,205558,328239523,46647.0,836.0,915.4791987209538,13.598834215640268,130.61105899425684,0.6566446452034495
253,2020-10-02,95465426,95140,7229148,206397,328239523,48362.0,839.0,978.0339006295144,11.589177787823083,135.54320353092922,0.048583810461822995
254,2020-10-03,95465426,95140,7281081,207124,328239523,51933.0,727.0,966.8580809706607,12.853310223354319,129.34068980417985,0.21786319876425056
255,2020-10-04,95465426,95140,7316619,207424,328239523,35538.0,300.0,692.4960110324619,4.546274388327233,110.75521439723349,0.0
256,2020-10-05,95465426,95140,7353832,207767,328239523,37213.0,343.0,693.2376385133697,5.791706462426352,115.49214823318411,0.0
257,2020-10-06,95465426,95140,7394681,208454,328239523,40849.0,687.0,803.6288538866651,9.73539743287476,124.07412170631392,0.0
258,2020-10-07,95465426,95140,7444527,209384,328239523,49846.0,930.0,1012.816956115571,15.858217595467208,132.9446307428391,1.2718517597637655
259,2020-10-08,95465426,95140,7502314,210305,328239523,57787.0,921.0,1193.7036441158134,16.03138618991485,142.02473755450563,1.0601326029832174
260,2020-10-09,95465426,95140,7559334,211207,328239523,57020.0,902.0,1182.6300142853931,14.83009047195268,141.04423830701657,1.1627015724314316
261,2020-10-10,95465426,95140,7616931,211984,328239523,57597.0,777.0,1160.4455992588196,12.882327414335661,132.29131133553554,0.6943849731862963
262,2020-10-11,95465426,95140,7655092,212307,328239523,38161.0,323.0,884.3175728235803,5.2212727660722935,117.21186273313229,0.0
263,2020-10-12,95465426,95140,7697926,212583,328239523,42834.0,276.0,901.5365944744691,5.810168962210951,123.16180111404634,0.0
264,2020-10-13,95465426,95140,7748456,213339,328239523,50530.0,756.0,911.1515522535574,12.82090955013113,129.47522157916362,0.4540489185699873
265,2020-10-14,95465426,95140,7807567,214009,328239523,59111.0,670.0,1311.486727445387,17.54738908036426,144.09443296402264,0.8520391618074193
266,2020-10-15,95465426,95140,7874276,215161,328239523,66709.0,1152.0,1329.5902684509754,15.948969802101244,146.0628591851154,1.5170411011310658
267,2020-10-16,95465426,95140,7938078,215994,328239523,63802.0,833.0,1371.1220195081535,14.882769998070042,145.46917974684038,0.8595140266781517
268,2020-10-17,95465426,95140,7998019,216629,328239523,59941.0,635.0,1193.0241939157784,10.949409695351322,134.75334135346438,0.36703754158035756
269,2020-10-18,95465426,95140,8043670,216966,328239523,45651.0,337.0,948.1446382393901,5.878865193427532,119.97714985695094,0.0
270,2020-10-19,95465426,95140,8101752,217517,328239523,58082.0,551.0,1215.9103030714332,9.319890479879609,135.10184089230054,0.5622449120215108
271,2020-10-20,95465426,95140,8161910,218386,328239523,60158.0,869.0,1199.4751775218008,15.988608896062182,137.65895511136958,0.4335919622123284
272,2020-10-21,95465426,95140,8222392,219458,328239523,60482.0,1072.0,1345.262547874802,19.856690178464657,145.01811142731242,1.9356218052704115
273,2020-10-22,95465426,95140,8301616,220442,328239523,79224.0,984.0,1493.3312766155507,17.155824511473256,154.3051541075205,0.8418169225735479
274,2020-10-23,95465426,95140,8384457,221342,328239523,82841.0,900.0,1715.2454956409001,16.7477785719625,161.2734799514954,0.9841504922556014
275,2020-10-24,95465426,95140,8437698,221995,328239523,53241.0,653.0,1343.5614583594456,15.147926915417273,131.64124367805545,1.500753625321057
276,2020-10-25,95465426,95140,8516500,222451,328239523,78802.0,456.0,1895.1915172875092,9.08777124450181,148.288407843179,0.7062012400775239
277,2020-10-26,95465426,95140,8586148,223065,328239523,69648.0,614.0,1661.1389804748337,11.949811739501333,149.3953175657823,0.9534697326356639
278,2020-10-27,95465426,95140,8657155,224004,328239523,71007.0,939.0,1426.8180834463265,17.237249321953996,151.40515171036992,0.8363105940123354
279,2020-10-28,95465426,95140,8735372,224907,328239523,78217.0,903.0,1715.4662933209866,19.13257684321617,154.14441060889345,2.033458539526135
280,2020-10-29,95465426,95140,8824188,225911,328239523,88816.0,1004.0,1848.6156807877,22.12153218016713,161.42533384005006,2.312156866038713
281,2020-10-30,95465426,95140,8920447,226859,328239523,96259.0,948.0,2034.873628543661,19.957235455919708,168.3119381311398,2.363847630134113
282,2020-10-31,95465426,95140,8993795,227605,328239523,73348.0,746.0,1622.5456606809028,15.46074667967003,143.16128042291456,0.7056415181044235
283,2020-11-01,95465426,95140,9076579,228009,328239523,82784.0,404.0,1715.7816328397753,8.37482502783786,143.18507051162834,0.3942676296608947
284,2020-11-02,95465426,95140,9162194,228547,328239523,85615.0,538.0,2032.5485018277818,11.405328733348313,160.6249780482231,0.32849963169174856
285,2020-11-03,95465426,95140,9253977,229824,328239523,91783.0,1277.0,1766.2080100524772,22.939408956740625,160.34434234614417,2.0366357432683766
286,2020-11-04,95465426,95140,9361400,230948,328239523,107423.0,1124.0,2388.6780142388243,22.745646105181322,177.61105597717906,2.3304967036770985
287,2020-11-05,95465426,95140,9479040,232068,328239523,117640.0,1120.0,2373.6941662745903,22.184241880475277,177.42832778219656,2.304840077686065
288,2020-11-06,95465426,95140,9611299,233161,328239523,132259.0,1093.0,2775.905455101268,22.51137215837051,182.92332983505793,2.4666150071843167
289,2020-11-07,95465426,95140,9723887,234059,328239523,112588.0,898.0,2024.9785389659246,17.857705627227077,154.78385442548708,1.951105258582991
290,2020-11-08,95465426,95140,9827547,234496,328239523,103660.0,437.0,2292.6378049149343,10.53309508448952,165.15035528156707,0.7807490650560402
291,2020-11-09,95465426,95140,9954112,235397,328239523,126565.0,901.0,2417.350417957041,17.30109241419022,165.22593018059968,1.9964935095460004
292,2020-11-10,95465426,95140,10093874,236706,328239523,139762.0,1309.0,2830.95760066713,27.541007827072548,185.53057485995694,2.72778179736646
293,2020-11-11,95465426,95140,10240203,238181,328239523,146329.0,1475.0,2888.8399083744366,28.00527766530315,169.61623023712966,3.837714293870521
294,2020-11-12,95465426,95140,10384640,238968,328239523,144437.0,787.0,2985.0706715715964,17.48274117978003,185.70535797505056,0.9487221060788541
295,2020-11-13,95465426,95140,10564777,240474,328239523,180137.0,1506.0,3751.9335831512503,23.64917344484476,196.77627004814744,2.0325577467881777
296,2020-11-14,95465426,95140,10725965,241671,328239523,161188.0,1197.0,3072.228893864117,26.5117662348812,175.49834031554497,4.326782847346986
297,2020-11-15,95465426,95140,10859211,242262,328239523,133246.0,591.0,2613.2397137250514,12.374540553549316,163.96562400001883,1.1218289880132362
298,2020-11-16,95465426,95140,11012493,243004,328239523,153282.0,742.0,3034.2275971465037,17.154203053386713,184.38878088256575,1.5115485369195387
299,2020-11-17,95465426,95140,11156020,244419,328239523,143527.0,1415.0,2669.0645579850693,29.60767473082046,171.90332311571487,4.497677908707646
300,2020-11-18,95465426,95140,11317422,246213,328239523,161402.0,1794.0,3556.022830984801,34.52092539721478,183.04233740058828,5.0639026028221465
301,2020-11-19,95465426,95140,11508994,248447,328239523,191572.0,2234.0,3998.142695189878,42.1751530742635,201.6971679644468,7.452848144731775
302,2020-11-20,95465426,95140,11682105,250022,328239523,173111.0,1575.0,3534.783340861655,32.53638009513978,191.56570607304468,4.419315684639016
303,2020-11-21,95465426,95140,11879630,251010,328239523,197525.0,988.0,3022.555279921301,20.58574930806384,175.40724965179552,2.627141405238235
304,2020-11-22,95465426,95140,12016265,252379,328239523,136635.0,1369.0,2641.2031207373775,27.293727522331224,171.4710251441498,3.1202411501049667
305,2020-11-23,95465426,95140,12194702,253753,328239523,178437.0,1374.0,3140.93809447691,28.3515396695207,185.32883860633586,4.619088246638784
306,2020-11-24,95465426,95140,12365865,255693,328239523,171163.0,1940.0,2899.221492013836,34.884518364251406,185.47030338827824,5.419131886304758
307,2020-11-25,95465426,95140,12543536,257858,328239523,177671.0,2165.0,3458.720816971798,40.38646329560434,184.80324863121243,5.844811410742296
308,2020-11-26,95465426,95140,12660056,259087,328239523,116520.0,1229.0,2064.530882658089,17.686981439268727,119.31136027020652,1.5780016728192956
309,2020-11-27,95465426,95140,12839947,260247,328239523,179891.0,1160.0,3306.532713558805,23.083096099975236,177.68698331204274,3.4882276487067667
310,2020-11-28,95465426,95140,13013023,261511,328239523,173076.0,1264.0,2766.711252981091,26.792004388969293,173.49041276343343,3.5388225081326175
311,2020-11-29,95465426,95140,13129543,262247,328239523,116520.0,736.0,1988.3263715684016,13.275512728928916,152.05716371231645,0.12989337674294113
312,2020-11-30,95465426,95140,13284691,263655,328239523,155148.0,1408.0,2628.5604201827537,26.88352702169228,179.56173352211977,3.264897012289125
313,2020-12-01,95465426,95140,13468378,265932,328239523,183687.0,2277.0,2970.6839414827155,41.42088199429796,187.75572554743354,6.970967595822169
314,2020-12-02,95465426,95140,13668448,268536,328239523,200070.0,2604.0,3849.4330603243825,54.521059099023,198.8531969133244,11.510307831131232
315,2020-12-03,95465426,95140,13875783,271222,328239523,207335.0,2686.0,3525.441769090698,45.06543622749543,201.85588378985298,8.589274295180047
316,2020-12-04,95465426,95140,14095345,273691,328239523,219562.0,2469.0,3557.429736035344,45.31646025644223,194.66128129454785,7.176669871295937
317,2020-12-05,95465426,95140,14300684,275890,328239523,205339.0,2199.0,4225.095537853903,36.9973171101759,188.1461839084148,6.248627181525468
318,2020-12-06,95465426,95140,14460392,276961,328239523,159708.0,1071.0,2518.7456610700083,22.64710863581354,171.05517279081155,2.846224123017898
319,2020-12-07,95465426,95140,14658778,278386,328239523,198386.0,1425.0,3242.406735884957,28.855155010396288,195.72048757868595,4.922169800041707
320,2020-12-08,95465426,95140,14879583,280690,328239523,220805.0,2304.0,3137.1271672298903,39.86138024942911,190.69702747335324,7.000256415486247
321,2020-12-09,95465426,95140,15103937,283871,328239523,224354.0,3181.0,4578.523237201999,61.96947084096507,216.07578114793057,13.481646410700868
322,2020-12-10,95465426,95140,15315431,286630,328239523,211494.0,2759.0,3190.936489440151,44.79637194837521,199.78555976427245,7.187613339555722
323,2020-12-11,95465426,95140,15549933,289904,328239523,234502.0,3274.0,3629.5577026098645,64.81705720423138,208.7277274668235,11.294836213056016
324,2020-12-12,95465426,95140,15754076,292125,328239523,204143.0,2221.0,3031.2891915555097,38.99322838988178,183.19535017091593,5.843266591709577
325,2020-12-13,95465426,95140,15923023,293528,328239523,168947.0,1403.0,2586.477234854289,22.18824323119376,175.4323419759274,2.3928611957354025
326,2020-12-14,95465426,95140,16126750,295219,328239523,203727.0,1691.0,2932.7678692560576,27.497570050213856,186.15732383334247,4.4741968270142625
327,2020-12-15,95465426,95140,16319423,298010,328239523,192673.0,2791.0,2768.5052488092697,43.79145404976961,193.27510954747396,7.186048025797568
328,2020-12-16,95465426,95140,16545408,301309,328239523,225985.0,3299.0,3862.966887625973,60.553202938161014,200.07094543254627,11.912323752718418
329,2020-12-17,95465426,95140,16783866,304685,328239523,238458.0,3376.0,3149.9653179207194,70.53109890135524,193.53081895932456,12.930278675389456
330,2020-12-18,95465426,95140,17015152,307072,328239523,231286.0,2387.0,3376.253524842994,38.32569267815815,195.05958979291373,4.227637432774725
331,2020-12-19,95465426,95140,17199091,309355,328239523,183939.0,2283.0,2774.77926581502,37.08232213332682,170.4881884273169,7.030882271296721
332,2020-12-20,95465426,95140,17361550,310760,328239523,162459.0,1405.0,2376.5892098392696,28.65531459894085,166.26465641821997,4.022855933870959
333,2020-12-21,95465426,95140,17724217,312058,328239523,362667.0,1298.0,2929.925689113894,27.21994189519294,173.31675132712124,4.877657501581253
334,2020-12-22,95465426,95140,17898720,315517,328239523,174503.0,3459.0,2202.5886077321493,40.809087957646014,163.22645825654834,8.109334214843996
335,2020-12-23,95465426,95140,18125920,318203,328239523,227200.0,2686.0,3217.0403785843887,52.922716128332624,172.98798335478187,10.384189018013021
336,2020-12-24,95465426,95140,18311042,321409,328239523,185122.0,3206.0,2389.626103495441,42.10416371358599,156.77210997272562,8.273552403363839
337,2020-12-25,95465426,95140,18360265,322193,328239523,49223.0,784.0,1007.0739485449396,11.23912150312174,77.24663801678143,0.8746039474042929
338,2020-12-26,95465426,95140,18530527,323215,328239523,170262.0,1022.0,2394.8960295714096,14.537702955782501,134.77257533565202,1.874675725434522
339,2020-12-27,95465426,95140,18652170,324362,328239523,121643.0,1147.0,1634.2079876541961,18.448241429099074,126.95670593712586,1.8384244801829952
340,2020-12-28,95465426,95140,18868349,327118,328239523,216179.0,2756.0,4390.691957917272,72.16622124440335,176.46820286085287,17.163977730257418
341,2020-12-29,95465426,95140,19097770,330444,328239523,229421.0,3326.0,2718.5769356441397,50.75871985160005,168.03078400432528,10.87245378339305
342,2020-12-30,95465426,95140,19336687,333744,328239523,238917.0,3300.0,3757.237654337141,55.155969358998746,197.23712792682062,10.824137277445912
343,2020-12-31,95465426,95140,19559625,337178,328239523,222938.0,3434.0,3125.3519632234916,58.03268653919855,182.18257152258175,12.462047743509485
344,2021-01-01,95465426,95140,19750280,339930,328239523,190655.0,2752.0,2450.504364678031,35.830723395870855,111.35337154467814,6.984151974497834
345,2021-01-02,95465426,95140,20034100,342634,328239523,283820.0,2704.0,3506.7050215877607,42.05644444761823,180.98129478732716,7.506278003796443
346,2021-01-03,95465426,95140,20263436,344292,328239523,229336.0,1658.0,3971.7396837136725,25.436654191175833,182.43681412516432,3.64945831781388
347,2021-01-04,95465426,95140,20433295,345862,328239523,169859.0,1570.0,2339.0726468780717,26.62492325165095,177.23598387575436,2.975925508966872
348,2021-01-05,95465426,95140,20672053,349377,328239523,238758.0,3515.0,3410.2456895994105,59.1922794734445,201.59897396362183,12.119574024852671
349,2021-01-06,95465426,95140,20928403,353280,328239523,256350.0,3903.0,4242.678244503702,68.80363655987891,211.99965212505984,13.737025151085884
350,2021-01-07,95465426,95140,21190609,357218,328239523,262206.0,3938.0,3658.835462878941,58.23519391714954,201.30059613970445,12.489194564923679
351,2021-01-08,95465426,95140,21464507,360338,328239523,273898.0,3120.0,4020.1667913756282,48.95029415472246,208.94440778218197,9.405870277694932
352,2021-01-09,95465426,95140,21733831,363587,328239523,269324.0,3249.0,3019.705198860991,39.29964004400364,173.56503847359525,6.683948156671683
353,2021-01-10,95465426,95140,21954343,366009,328239523,220512.0,2422.0,2751.9171567345716,39.17232061474883,172.37590549441512,4.875914756419137
354,2021-01-11,95465426,95140,22151629,367812,328239523,197286.0,1803.0,2634.8533314677798,29.92419370505533,180.7407950339992,4.053925184607653
355,2021-01-12,95465426,95140,22361952,371846,328239523,210323.0,4034.0,2671.2962798207845,60.750974057400214,176.8829948138791,12.842755653374452
356,2021-01-13,95465426,95140,22579637,375809,328239523,217685.0,3963.0,3531.8387435416353,58.92427905044348,191.20496886690137,12.268068752477884
357,2021-01-14,95465426,95140,22824973,379747,328239523,245336.0,3938.0,3743.552100803661,53.79574929039474,208.1088348878342,10.318939707513973
358,2021-01-15,95465426,95140,23060527,383249,328239523,235554.0,3502.0,2916.995864574682,45.90587142505843,186.81819352861953,8.360171162358448
359,2021-01-16,95465426,95140,23270934,386848,328239523,210407.0,3599.0,2549.2335049277003,46.190635279687,169.71329529196205,9.096878987740052
360,2021-01-17,95465426,95140,23449745,388851,328239523,178811.0,2003.0,2182.0550663660797,26.55732172640099,163.23993634169864,3.2809467853997187
361,2021-01-18,95465426,95140,23604790,390256,328239523,155045.0,1405.0,2136.3957477198505,19.284566120328066,158.59577265525166,1.3080583818208653
362,2021-01-19,95465426,95140,23753941,392319,328239523,149151.0,2063.0,2039.8033360368663,28.66519284553173,169.6673555958371,3.5737282592774084
363,2021-01-20,95465426,95140,23945345,396702,328239523,191404.0,4383.0,3046.3232830727784,68.97615490453101,189.68599152226648,16.242592596046478
364,2021-01-21,95465426,95140,24137691,400810,328239523,192346.0,4108.0,2641.3157224432675,54.41899512160842,191.85238796161462,10.456539020798576
365,2021-01-22,95465426,95140,24319451,404724,328239523,181760.0,3914.0,2518.758296474753,49.2833689280977,188.0299189594986,8.942765860363922
366,2021-01-23,95465426,95140,24489732,408066,328239523,170281.0,3342.0,2188.9355337673423,43.637876407242864,169.497429318146,8.179388704465023
367,2021-01-24,95465426,95140,24627329,409921,328239523,137597.0,1855.0,1805.3628866322313,24.86167310768326,160.16068356922148,2.1755577863384454
368,2021-01-25,95465426,95140,24763301,411627,328239523,135972.0,1706.0,1803.1364780465399,23.104268810339967,164.96456203121807,1.871712252298856
369,2021-01-26,95465426,95140,24905378,415077,328239523,142077.0,3450.0,1833.021822575897,53.61680651227209,169.89226365156642,11.394186115683745
370,2021-01-27,95465426,95140,25059985,419198,328239523,154607.0,4121.0,2511.086334406011,66.13027531997442,180.430401938291,15.561870266535172
371,2021-01-28,95465426,95140,25212428,423079,328239523,152443.0,3881.0,1992.343598076083,49.25766388712528,170.15298131054828,9.865615284932236
372,2021-01-29,95465426,95140,25376565,426694,328239523,164137.0,3615.0,2304.4309872824656,48.53642645621007,179.57023746951288,8.625688613158292
373,2021-01-30,95465426,95140,25527841,429620,328239523,151276.0,2926.0,1859.2523142355237,32.31182833788339,159.32404985101275,4.307491181375472
374,2021-01-31,95465426,95140,25644054,431669,328239523,116213.0,2049.0,1485.784834577487,29.045636957470634,148.1680969161304,3.5213655402899406
375,2021-02-01,95465426,95140,25765442,433249,328239523,121388.0,1580.0,1438.9969007050279,22.086902619904897,156.19681788742596,2.870627837876015
376,2021-02-02,95465426,95140,25878688,436576,328239523,113246.0,3327.0,1397.259517599171,50.7301297252467,154.40939228509177,9.837765215623698
377,2021-02-03,95465426,95140,25995608,440256,328239523,116920.0,3680.0,1969.3655313422876,61.233557137922546,166.86693983394662,13.411804236773143
378,2021-02-04,95465426,95140,26116915,445478,328239523,121307.0,5222.0,1694.9764659808723,68.21955473652976,163.489272525974,11.99288272743089
379,2021-02-05,95465426,95140,26248201,448764,328239523,131286.0,3286.0,1790.63465687847,44.86217457189465,166.96069326934372,7.007012770482749
380,2021-02-06,95465426,95140,26346452,451602,328239523,98251.0,2838.0,1337.477173261067,33.5100573836051,141.72180361486275,4.0049095957632455
381,2021-02-07,95465426,95140,26452073,453250,328239523,105621.0,1648.0,1259.7844150545247,20.55371935836856,135.9733016939339,2.0362869160597867
382,2021-02-08,95465426,95140,26528912,454526,328239523,76839.0,1276.0,1125.751139256585,17.202007203815,140.6864425571931,0.9216989047567662
383,2021-02-09,95465426,95140,26622464,457340,328239523,93552.0,2814.0,1198.6834610673855,40.68823116410155,148.19567134499795,5.9756441758224526
384,2021-02-10,95465426,95140,26719387,460647,328239523,96923.0,3307.0,1576.8939533133164,50.54102107704291,161.15363399935248,8.011314043011659
385,2021-02-11,95465426,95140,26825084,464657,328239523,105697.0,4010.0,1464.3514731715784,50.15638833149971,162.54929498449937,10.340263668527358
386,2021-02-12,95465426,95140,26921931,470027,328239523,96847.0,5370.0,1336.4198727780247,56.77964694004861,157.23521398094397,7.363156508162409
387,2021-02-13,95465426,95140,27013544,473258,328239523,91613.0,3231.0,1159.697472514105,34.06534097939585,136.52916166555949,3.7296693253447053
388,2021-02-14,95465426,95140,27083504,474708,328239523,69960.0,1450.0,895.4266504947313,13.782907203719443,120.03152146098608,0.5938604463369029
389,2021-02-15,95465426,95140,27138426,475753,328239523,54922.0,1045.0,770.8850670180524,11.603515193847398,117.93150410579253,0.6005576213668425
390,2021-02-16,95465426,95140,27199490,477123,328239523,61064.0,1370.0,924.5109582762578,21.80213337812169,133.74108368669218,1.7132089544113018
391,2021-02-17,95465426,95140,27266217,479412,328239523,66727.0,2289.0,1186.9212476464768,38.35552069777966,143.88732753982177,5.552769760241217
392,2021-02-18,95465426,95140,27330735,482030,328239523,64518.0,2618.0,958.3888305716057,34.49921396688946,139.82369256396834,3.784685775128145
393,2021-02-19,95465426,95140,27403893,485530,328239523,73158.0,3500.0,1111.6548042907777,68.09410749402402,146.41671949872025,7.802749611643406
394,2021-02-20,95465426,95140,27475788,487519,328239523,71895.0,1989.0,877.2162818769267,21.891224394276605,124.84717610199857,1.2620183598046069
395,2021-02-21,95465426,95140,27533248,488779,328239523,57460.0,1260.0,795.4215640935314,13.066700581056322,119.59989233782494,0.6763517001756859
396,2021-02-22,95465426,95140,27582228,490000,328239523,48980.0,1221.0,714.056025726712,13.389866473535786,118.75308486390657,0.9344370893424836
397,2021-02-23,95465426,95140,27644541,491998,328239523,62313.0,1998.0,770.4193443643652,26.10149597570545,115.53402357123156,2.989594990530844
398,2021-02-24,95465426,95140,27720129,494838,328239523,75588.0,2840.0,1248.099137503334,52.5750953878131,146.35468216660303,8.461316469659089
399,2021-02-25,95465426,95140,27793521,497980,328239523,73392.0,3142.0,1078.103324481308,32.59360995431434,142.36208854846018,3.465494415891477
400,2021-02-26,95465426,95140,27855300,500090,328239523,61779.0,2110.0,892.9970414524743,25.012349155760255,132.6742883220535,1.3531150685639104
401,2021-02-27,95465426,95140,27940596,501910,328239523,85296.0,1820.0,1158.3705628853959,19.335158744278424,126.03039983315125,1.619103391484623
402,2021-02-28,95465426,95140,27990548,502966,328239523,49952.0,1056.0,739.6045402667341,10.75842659432689,105.35481882706485,0.8968338306201116
403,2021-03-01,95465426,95140,28068520,504299,328239523,77972.0,1333.0,769.9810339695428,19.36241663947041,113.2602134803241,2.7847435240337206
404,2021-03-02,95465426,95140,28122800,506240,328239523,54280.0,1941.0,717.2393840057379,23.950743019046357,122.68406839308949,2.61673044265474
405,2021-03-03,95465426,95140,28189959,508912,328239523,67159.0,2672.0,1151.076430073261,38.28737646983234,145.21181137740064,6.318455844100343
406,2021-03-04,95465426,95140,28253381,510769,328239523,63422.0,1857.0,902.8819230844655,19.66917677602412,138.6849244602366,0.6879224083429478
407,2021-03-05,95465426,95140,28317624,512407,328239523,64243.0,1638.0,907.9740821318255,19.973348265778615,139.96697642518137,0.46557350843774553
408,2021-03-06,95465426,95140,28370458,513809,328239523,52834.0,1402.0,693.1220297039066,14.508262111133426,108.53913113169583,0.32667583296770714
409,2021-03-07,95465426,95140,28411039,514509,328239523,40581.0,700.0,562.2257175064835,7.810862275593399,94.24338648333256,0.0
410,2021-03-08,95465426,95140,28454643,515298,328239523,43604.0,789.0,723.2108101176404,11.931656911884778,119.34085351933707,0.37103494933213327
411,2021-03-09,95465426,95140,28507950,517577,328239523,53307.0,2279.0,768.7361902668108,29.23565548534388,125.48555060204245,4.770754027734959
412,2021-03-10,95465426,95140,28564094,519162,328239523,56144.0,1585.0,1017.0428002096814,23.02664110106369,136.95882800943218,1.5581883096407396
413,2021-03-11,95465426,95140,28619974,520634,328239523,55880.0,1472.0,890.1932295611604,17.1996201621028,130.7674219074116,0.09651395961215065
414,2021-03-12,95465426,95140,28675668,522211,328239523,55694.0,1577.0,887.3477099538434,26.000295006460433,133.54725290394128,2.2760488677650597
415,2021-03-13,95465426,95140,28731277,523606,328239523,55609.0,1395.0,632.796851842638,11.447005834570513,92.41477478901034,1.1428437260339337
416,2021-03-14,95465426,95140,28763673,524011,328239523,32396.0,405.0,416.93797746829114,4.4084442318481285,75.6490956282541,0.0
417,2021-03-15,95465426,95140,28821747,524757,328239523,58074.0,746.0,1059.328471428367,10.70310755494294,131.70034116598612,0.5490748814845218
418,2021-03-16,95465426,95140,28876125,526016,328239523,54378.0,1259.0,774.1896781731978,17.66681986963339,125.33078835486954,1.3906563390631832
419,2021-03-17,95465426,95140,28932887,527202,328239523,56762.0,1186.0,1025.42278738925,16.51505530188378,130.90005413458755,1.02705948883707
420,2021-03-18,95465426,95140,28987631,528834,328239523,54744.0,1632.0,829.2765265250383,24.173877083048076,127.66934334805639,2.305340448000618
421,2021-03-19,95465426,95140,29043183,530176,328239523,55552.0,1342.0,822.648785542652,19.498465528541157,124.29701097930116,2.7099378739179834
422,2021-03-20,95465426,95140,29088835,530768,328239523,45652.0,592.0,561.6675761826191,7.23913271624374,86.25759300899232,0.0
423,2021-03-21,95465426,95140,29125635,531740,328239523,36800.0,972.0,482.4779257939091,8.041762815131516,80.2049139926055,0.07758885315715033
424,2021-03-22,95465426,95140,29171636,532232,328239523,46001.0,492.0,822.38716126865,7.452592805707743,111.10609673651052,0.3114210797589442
425,2021-03-23,95465426,95140,29224399,533253,328239523,52763.0,1021.0,821.3188711764128,13.564449598042742,118.75295717988027,0.44907045845904703
426,2021-03-24,95465426,95140,29322567,534540,328239523,98168.0,1287.0,1578.247771621402,20.485919359937512,144.23004193145132,1.4906080775838044
427,2021-03-25,95465426,95140,29383404,535722,328239523,60837.0,1182.0,896.7477582224548,14.063573085720332,126.08298691547137,0.8733760500475392
428,2021-03-26,95465426,95140,29454497,536889,328239523,71093.0,1167.0,1098.6832359214907,12.67125299644247,136.7478213013114,0.0
429,2021-03-27,95465426,95140,29508490,537609,328239523,53993.0,720.0,774.2037142929777,7.295047738648444,94.8693533386079,0.0
430,2021-03-28,95465426,95140,29559406,537976,328239523,50916.0,367.0,680.4478175650123,4.218732700938062,91.47406148515931,0.0
431,2021-03-29,95465426,95140,29614760,538441,328239523,55354.0,465.0,819.8029568011643,7.577315234908794,105.43338836196617,0.0
432,2021-03-30,95465426,95140,29669034,539144,328239523,54274.0,703.0,868.7800801735045,9.44270292241407,123.82312006916797,0.0
433,2021-03-31,95465426,95140,29741752,540089,328239523,72718.0,945.0,1346.4964110398992,18.62589826456077,143.68117459440037,2.1239650633832796
434,2021-04-01,95465426,95140,29909223,545289,328239523,167471.0,5200.0,2578.6992092832984,49.91412862057398,149.48543200851603,5.997857794184236
435,2021-04-02,95465426,95140,29975841,546206,328239523,66618.0,917.0,1031.453481099094,12.946897237969491,130.96815478793874,0.49850201939177424
436,2021-04-03,95465426,95140,30039563,546926,328239523,63722.0,720.0,931.0541991422917,8.355652777053002,115.18109291908912,0.11580561703789581
437,2021-04-04,95465426,95140,30075214,547488,328239523,35651.0,562.0,469.66937808959614,6.79073020653993,69.79923941953648,1.799683661179559
438,2021-04-05,95465426,95140,30144509,547633,328239523,69295.0,145.0,1000.0096339514226,5.738031695660253,126.9161536138235,0.0
439,2021-04-06,95465426,95140,30214888,550282,328239523,70379.0,2649.0,1152.5185970507991,59.53408392833511,135.65630559282297,5.283571141198638
440,2021-04-07,95465426,95140,30290034,551061,328239523,75146.0,779.0,1408.5926239544758,12.969636861161753,149.25632528114397,0.5281433501235097
441,2021-04-08,95465426,95140,30366699,551997,328239523,76665.0,936.0,1089.6310299374043,11.657789866844649,139.01720659184355,0.0
442,2021-04-09,95465426,95140,30446884,553465,328239523,80185.0,1468.0,1204.3062457179292,14.491798432466428,147.0802157943724,2.157966229755624
443,2021-04-10,95465426,95140,30513003,554134,328239523,66119.0,669.0,860.7621885214714,7.330269305460338,108.93850927048953,0.0
444,2021-04-11,95465426,95140,30554470,554417,328239523,41467.0,283.0,644.8573081806912,3.874577545610365,90.99015290513506,0.0
445,2021-04-12,95465426,95140,30622077,555050,328239523,67607.0,633.0,993.4719731766313,9.732556390084605,130.6850987267784,1.2738996306692316
446,2021-04-13,95465426,95140,30695966,555803,328239523,73889.0,753.0,1012.2045394212752,11.04402373585726,135.43670061549847,0.0
447,2021-04-14,95465426,95140,30772821,556590,328239523,76855.0,787.0,1232.7010733463785,12.28529547444473,149.5045127720529,0.0
448,2021-04-15,95465426,95140,30845782,557589,328239523,72961.0,999.0,1316.7223174399044,14.984518777732633,144.71596141791198,1.200424046634822
449,2021-04-16,95465426,95140,30911011,558460,328239523,65229.0,871.0,1124.8071710278705,12.479271053972576,143.17146799390014,0.0
450,2021-04-17,95465426,95140,30977225,559259,328239523,66214.0,799.0,892.2645962162568,9.598350996779125,112.41424627470106,0.0393555457722021
451,2021-04-18,95465426,95140,31020332,559619,328239523,43107.0,360.0,562.7835258083819,3.723839499983531,89.1445025774041,0.0
452,2021-04-19,95465426,95140,31078734,560050,328239523,58402.0,431.0,930.4261625171966,6.1544900109456515,126.20855523224446,0.0
453,2021-04-20,95465426,95140,31129372,560703,328239523,50638.0,653.0,793.8970784879308,9.274887707736,124.58440629554516,0.0
454,2021-04-21,95465426,95140,31202277,561621,328239523,72905.0,918.0,1302.3085898053967,13.431629426272538,149.52743710515907,0.5653004471445124
455,2021-04-22,95465426,95140,31264374,562440,328239523,62097.0,819.0,897.5803357485698,9.414200152730741,131.30663391039423,0.18363672124371355
456,2021-04-23,95465426,95140,31326524,563392,328239523,62150.0,952.0,962.1359954718098,11.770659025162416,137.2810556132964,0.0
457,2021-04-24,95465426,95140,31375767,564103,328239523,49243.0,711.0,682.5630967562812,8.504422598015822,98.99574116678218,0.2324268854131456
458,2021-04-25,95465426,95140,31410676,564466,328239523,34909.0,363.0,484.0442795616671,4.357779893502779,81.42180710370168,0.0
459,2021-04-26,95465426,95140,31453940,564931,328239523,43264.0,465.0,857.0966801341352,8.053247227382785,121.0544541558719,0.4949180997780937
460,2021-04-27,95465426,95140,31500953,565558,328239523,47013.0,627.0,715.4917038396745,11.170755493730438,121.91064137877699,0.15831891325942357
461,2021-04-28,95465426,95140,31559617,566506,328239523,58664.0,948.0,1079.2852340509467,15.785035911436099,143.4909100330864,1.0109399255156246
462,2021-04-29,95465426,95140,31615625,567348,328239523,56008.0,842.0,843.3736637366765,10.744043845188493,132.70325258344775,0.14973516956803223
463,2021-04-30,95465426,95140,31669899,568064,328239523,54274.0,716.0,832.6799973887083,8.514241535347898,128.78576558538572,0.0
464,2021-05-01,95465426,95140,31718209,568947,328239523,48310.0,883.0,676.8541544567985,9.017942648867306,106.0678372507424,0.34490486883983573
465,2021-05-02,95465426,95140,31747087,569314,328239523,28878.0,367.0,404.21803150640596,3.02544594671827,79.13133863435907,0.0
466,2021-05-03,95465426,95140,31791678,569776,328239523,44591.0,462.0,717.2414244784508,7.004634925319782,115.85846336626966,0.11711564971228136
467,2021-05-04,95465426,95140,31832495,570553,328239523,40817.0,777.0,695.0749785854978,10.857490882871629,120.9619268550258,0.2789469010480383
468,2021-05-05,95465426,95140,31879366,571383,328239523,46871.0,830.0,887.7090181369164,12.283215105315612,130.9420832055824,0.45392491928025935
469,2021-05-06,95465426,95140,31922910,572091,328239523,43544.0,708.0,688.2490054315587,9.159476181920411,121.72130721791123,0.20016602319492402
470,2021-05-07,95465426,95140,31967966,573019,328239523,45056.0,928.0,697.4573110642684,11.918089829574518,123.38920414899373,0.11580561703789581
471,2021-05-08,95465426,95140,32004688,573725,328239523,36722.0,706.0,503.25329932145075,7.405598969099764,94.71900434300373,0.2164265440667044
472,2021-05-09,95465426,95140,32025430,573972,328239523,20742.0,247.0,287.228571611759,2.026942687740493,66.9382674044736,0.0
473,2021-05-10,95465426,95140,32059550,574309,328239523,34120.0,337.0,591.4102457705526,5.351752293729819,103.08592403943504,0.0
474,2021-05-11,95465426,95140,32091766,574963,328239523,32216.0,654.0,485.55209559938226,9.890512671036728,100.88446645619398,0.021117791745938478
475,2021-05-12,95465426,95140,32130268,575765,328239523,38502.0,802.0,785.0593207991585,14.817511180983646,127.59403767269177,0.4983766818510931
476,2021-05-13,95465426,95140,32167323,576489,328239523,37055.0,724.0,592.9617081749607,10.367796596888347,114.66818777093414,0.6140794237221703
477,2021-05-14,95465426,95140,32208008,577220,328239523,40685.0,731.0,666.4695400835988,9.044698427106896,117.1271251146319,0.0
478,2021-05-15,95465426,95140,32235815,577631,328239523,27807.0,411.0,399.85101624953893,4.577107545504541,76.7337706830162,0.11464384975676217
479,2021-05-16,95465426,95140,32251406,577935,328239523,15591.0,304.0,236.04811279436663,3.492452590220523,59.004770816717375,0.0
480,2021-05-17,95465426,95140,32280733,578376,328239523,29327.0,441.0,517.2072718918865,7.453224760506959,100.16081529804524,0.40790672278846396
481,2021-05-18,95465426,95140,32306788,579207,328239523,26055.0,831.0,420.1944626868861,11.911919618305433,97.14485881595682,0.7582064683161737
482,2021-05-19,95465426,95140,32335542,579822,328239523,28754.0,615.0,539.4878756975859,8.90763343476368,105.9753582706867,0.010815527527891548
483,2021-05-20,95465426,95140,32365565,580512,328239523,30023.0,690.0,499.8345212149875,9.634490641989842,105.97931678118795,0.0
484,2021-05-21,95465426,95140,32393341,581210,328239523,27776.0,698.0,445.2626402339999,8.259767913153148,103.86274481058032,0.0
485,2021-05-22,95465426,95140,32410578,581647,328239523,17237.0,437.0,222.6486050053027,5.438301177184135,56.476572806440544,0.0
486,2021-05-23,95465426,95140,32424228,581846,328239523,13650.0,199.0,172.67421095268787,2.2399953426747388,49.33552671440926,0.0
487,2021-05-24,95465426,95140,32450322,582281,328239523,26094.0,435.0,563.2718335171272,11.145673147235419,91.14185858537407,1.8309148940712099
488,2021-05-25,95465426,95140,32473204,582956,328239523,22882.0,675.0,365.8594290330716,10.512601938065384,88.08360045548726,0.03755464037962639
489,2021-05-26,95465426,95140,32497071,583901,328239523,23867.0,945.0,401.8383524901683,16.838185026671038,95.04422818239557,2.243514493057771
490,2021-05-27,95465426,95140,32520242,585100,328239523,23171.0,1199.0,354.9844095374362,17.352077876750432,88.90374569531541,2.2061693811143397
491,2021-05-28,95465426,95140,32548482,585561,328239523,28240.0,461.0,497.56532473817185,7.544927994943657,96.8917229376753,0.0
492,2021-05-29,95465426,95140,32558731,585858,328239523,10249.0,297.0,160.4253433663856,3.8269727069950226,43.24211134249953,0.0
493,2021-05-30,95465426,95140,32566890,586005,328239523,8159.0,147.0,103.05174747939137,1.4833663692805623,31.851008929195473,0.0
494,2021-05-31,95465426,95140,32570774,586108,328239523,3884.0,103.0,63.67059019036037,1.3073120817449162,19.315267449297775,0.0
495,2021-06-01,95465426,95140,32592373,586765,328239523,21599.0,657.0,382.7420523042684,11.398420436351651,71.43352157401688,1.8530363958542835
496,2021-06-02,95465426,95140,32609039,587323,328239523,16666.0,558.0,308.62189889348514,8.888207009643368,76.73547903309644,0.0
497,2021-06-03,95465426,95140,32628077,587909,328239523,19038.0,586.0,335.6514169336887,9.412973799064405,80.83399207654469,0.0
498,2021-06-04,95465426,95140,32644158,588467,328239523,16081.0,558.0,298.6022262599741,7.814405627355917,79.63263632629445,0.0
499,2021-06-05,95465426,95140,32655918,588823,328239523,11760.0,356.0,153.26377621259252,3.8899287044013127,42.9140686815736,0.0
500,2021-06-06,95465426,95140,32660996,589015,328239523,5078.0,192.0,65.67743143332045,1.0780418814090378,21.728767551164196,0.0
501,2021-06-07,95465426,95140,32674235,589378,328239523,13239.0,363.0,293.1250600369855,6.127978275454427,66.83712300202934,0.0
502,2021-06-08,95465426,95140,32688630,589764,328239523,14395.0,386.0,226.74403663585147,6.499042400489847,62.290305247084845,0.0
503,2021-06-09,95465426,95140,32709387,590179,328239523,20757.0,415.0,321.75188015014146,8.2285190445875,76.87202883468902,0.2920543949155402
504,2021-06-10,95465426,95140,32720598,590576,328239523,11211.0,397.0,226.69011893844856,5.743347947827992,64.85568845445754,0.0
505,2021-06-11,95465426,95140,32711431,591058,328239523,-9167.0,482.0,299.6124856765173,6.751475851150653,68.17158958069042,0.0
506,2021-06-12,95465426,95140,32716969,591291,328239523,5538.0,233.0,76.45673899628466,2.578483158953502,22.729349629951837,0.0
507,2021-06-13,95465426,95140,32720822,591495,328239523,3853.0,204.0,53.29143775299242,2.361232394929033,15.090944673959108,0.46212664916453533
508,2021-06-14,95465426,95140,32736512,591719,328239523,15690.0,224.0,304.9938188187496,4.534623101179309,70.80511064376353,0.0
509,2021-06-15,95465426,95140,32746775,592049,328239523,10263.0,330.0,190.60378345780845,6.577860644569645,54.49407695930909,0.5468691229466653
510,2021-06-16,95465426,95140,32760094,592402,328239523,13319.0,353.0,251.72563808629062,6.475711351738242,63.65382863675453,0.0
511,2021-06-17,95465426,95140,32769841,592731,328239523,9747.0,329.0,181.5251434322606,4.583307759489649,51.71787842243303,0.0
512,2021-06-18,95465426,95140,32789996,593087,328239523,20155.0,356.0,229.92090460155094,4.395196807123399,54.08621887898858,0.0
513,2021-06-19,95465426,95140,32795832,593190,328239523,5836.0,103.0,78.74291218021828,1.2281259520273553,21.078916973107034,0.0
514,2021-06-20,95465426,95140,32798219,593224,328239523,2387.0,34.0,32.292142394779006,0.40977061869398246,8.771760509619051,0.0
515,2021-06-21,95465426,95140,32814247,593604,328239523,16028.0,380.0,299.9352996839409,5.8307619362834915,68.3164761570535,0.0
516,2021-06-22,95465426,95140,32824060,593919,328239523,9813.0,315.0,190.06011029908257,6.06055066782201,48.48981659417916,0.0
517,2021-06-23,95465426,95140,32839063,594324,328239523,15003.0,405.0,295.54469795722366,7.506358747313336,66.74474648717242,0.03604349918067469
518,2021-06-24,95465426,95140,32849865,594668,328239523,10802.0,344.0,186.90493458391236,4.325425158395998,50.62391670601471,0.0
519,2021-06-25,95465426,95140,32873970,595074,328239523,24105.0,406.0,280.04412490982685,5.104418309617173,61.604599830218625,0.0
520,2021-06-26,95465426,95140,32878881,595160,328239523,4911.0,86.0,52.1796032132478,0.9749419974877036,13.747772548504672,0.0
521,2021-06-27,95465426,95140,32880878,595198,328239523,1997.0,38.0,24.108716213058546,0.46490176166874275,5.227578844595896,0.0
522,2021-06-28,95465426,95140,32901304,595491,328239523,20426.0,293.0,377.7841316681254,3.7420890517648173,74.0749887916612,0.0
523,2021-06-29,95465426,95140,32912711,595826,328239523,11407.0,335.0,203.36100042988164,6.683091352393122,50.27394652174368,0.190194179007933
524,2021-06-30,95465426,95140,32923525,596050,328239523,10814.0,224.0,308.69018381478367,4.638051537977917,65.28200147047166,0.0
525,2021-07-01,95465426,95140,32936674,596319,328239523,13149.0,269.0,231.36702721311306,4.1055957640501095,58.99538588476751,0.0
526,2021-07-02,95465426,95140,32966832,596608,328239523,30158.0,289.0,335.2584516916412,4.0676625509198026,70.1097860577447,0.0
527,2021-07-03,95465426,95140,32970031,596673,328239523,3199.0,65.0,30.552816152392893,0.7047293392692608,9.530498821688665,0.0
528,2021-07-04,95465426,95140,32972768,596699,328239523,2737.0,26.0,35.262247265653436,0.31213103538082876,7.57063743055648,0.0
529,2021-07-05,95465426,95140,32976996,596722,328239523,4228.0,23.0,83.70745518843526,0.5090060629098029,11.643878048085737,0.0
530,2021-07-06,95465426,95140,33004031,597105,328239523,27035.0,383.0,452.1168335384969,5.246048249674956,80.46635868186614,0.0
531,2021-07-07,95465426,95140,33025333,597450,328239523,21302.0,345.0,447.3477538041988,5.90604362977383,82.12196800686523,0.0
532,2021-07-08,95465426,95140,33044609,597693,328239523,19276.0,243.0,349.1670108075183,3.6859546036202486,70.72205747693307,0.0
533,2021-07-09,95465426,95140,32645361,598065,328239523,-399248.0,372.0,513.6229291506709,5.340046291563652,84.9062640117149,0.0
534,2021-07-10,95465426,95140,33098195,598107,328239523,452834.0,42.0,1623.8637932649763,0.328537642735796,22.731778424847477,0.0
535,2021-07-11,95465426,95140,33101630,598126,328239523,3435.0,19.0,41.12615271647951,0.18038972267021525,9.770954524969873,0.0
536,2021-07-12,95465426,95140,33139494,598449,328239523,37864.0,323.0,588.9593159909921,4.482963740734437,92.07635082553833,0.0
537,2021-07-13,95465426,95140,33163413,598779,328239523,23919.0,330.0,698.042970001514,6.912027311645844,78.51561053628781,0.4415086072888392
538,2021-07-14,95465426,95140,33195607,599094,328239523,32194.0,315.0,622.5717002037774,6.809089389378483,103.65938198933848,0.0
539,2021-07-15,95465426,95140,33225170,599352,328239523,29563.0,258.0,480.353748651405,5.009086886389929,90.65727379463601,0.0
540,2021-07-16,95465426,95140,33373515,599626,328239523,148345.0,274.0,1007.994777623184,4.666090985512181,94.07919465868845,0.0
541,2021-07-17,95465426,95140,33383146,599681,328239523,9631.0,55.0,127.38829475730003,0.8376135147829624,22.87868342432025,0.0
542,2021-07-18,95465426,95140,33389395,599694,328239523,6249.0,13.0,85.64120267307543,0.07009973168757036,16.126643389309912,0.0
543,2021-07-19,95465426,95140,33450673,599943,328239523,61278.0,249.0,1105.8898096821986,4.196071788747284,119.30465873627071,0.0
544,2021-07-20,95465426,95140,33485866,600203,328239523,35193.0,260.0,578.7389264016836,5.092305588888233,103.16346862873378,0.03604349918067469
545,2021-07-21,95465426,95140,33534312,600524,328239523,48446.0,321.0,914.444881470596,7.326933260866413,118.61744453199375,0.0
546,2021-07-22,95465426,95140,33581824,600807,328239523,47512.0,283.0,774.2056989078734,5.387170509219435,106.67062870886984,0.0
547,2021-07-23,95465426,95140,33635833,601194,328239523,54009.0,387.0,822.3113247592539,5.663833846858374,115.71105248381562,0.0
548,2021-07-24,95465426,95140,33650336,601254,328239523,14503.0,60.0,172.38332416473378,0.9872121418501139,22.99025923205196,0.0
549,2021-07-25,95465426,95140,33656971,601276,328239523,6635.0,22.0,110.46867420799681,0.09332292750042012,15.874915146288524,0.0
550,2021-07-26,95465426,95140,33755154,601605,328239523,98183.0,329.0,1608.3919237127923,5.725295899110754,141.22438024870414,0.17640443089664418
551,2021-07-27,95465426,95140,33814285,601932,328239523,59131.0,327.0,900.1896415813891,6.711481928903973,112.29875385850835,0.041892228474693795
552,2021-07-28,95465426,95140,33892726,602403,328239523,78441.0,471.0,1392.542925547177,10.254790394078341,141.29378620444692,1.0151651357308165
553,2021-07-29,95465426,95140,33956337,602718,328239523,63611.0,315.0,1078.2398498321672,5.421531064873478,124.9113008899617,0.0
554,2021-07-30,95465426,95140,34148850,603060,328239523,192513.0,342.0,1796.2257996997785,5.831005543842489,142.93921650469082,0.0
555,2021-07-31,95465426,95140,34179461,603160,328239523,30611.0,100.0,386.4211471000039,1.3751653948037543,25.74930977137705,0.0
556,2021-08-01,95465426,95140,34190664,603189,328239523,11203.0,29.0,140.92570806747327,0.16110272039469,21.25851077685918,0.0
557,2021-08-02,95465426,95140,34327228,603777,328239523,136564.0,588.0,2164.1749866967575,19.70204338478616,148.56670001047186,2.6143503397213093
558,2021-08-03,95465426,95140,34420217,604416,328239523,92989.0,639.0,1426.6701003780752,13.903823660014329,133.41082896449427,2.393378920519159
559,2021-08-04,95465426,95140,34528955,604938,328239523,108738.0,522.0,2049.613334056731,10.668731800200849,160.96096996771794,0.5163707303706644
560,2021-08-05,95465426,95140,34621530,605404,328239523,92575.0,466.0,1486.4269508356256,7.110285287284318,141.8475792409578,0.0
561,2021-08-06,95465426,95140,34864519,605940,328239523,242989.0,536.0,2229.2421918326772,8.756410544709627,153.62246616220622,0.032008086791572576
562,2021-08-07,95465426,95140,34890364,606022,328239523,25845.0,82.0,210.0190128086555,0.6464749044629846,22.194487468398695,0.0
563,2021-08-08,95465426,95140,34906994,606054,328239523,16630.0,32.0,154.201850772333,0.4027936276813623,18.389841111127147,0.0
564,2021-08-09,95465426,95140,35111603,606692,328239523,204609.0,638.0,3316.2192807163815,12.236614697826493,167.91636173666203,0.7637902107463543
565,2021-08-10,95465426,95140,35219368,607486,328239523,107765.0,794.0,1984.7000224905364,16.301547968279934,148.05269216253882,2.5390420706162904
566,2021-08-11,95465426,95140,35340513,607755,328239523,121145.0,269.0,2134.129319099586,11.560306183346313,169.87206045652468,0.37978284175650806
567,2021-08-12,95465426,95140,35456983,608364,328239523,116470.0,609.0,1963.1368272926459,10.198520802453801,156.653074671986,0.14979112244795592
568,2021-08-13,95465426,95140,35730807,609216,328239523,273824.0,852.0,2715.280384308391,13.071183461363772,162.3012720123515,0.6823488192505438
569,2021-08-14,95465426,95140,35764955,609370,328239523,34148.0,154.0,310.7014476866226,0.9320024588454828,27.625494208465952,0.0
570,2021-08-15,95465426,95140,35784347,609415,328239523,19392.0,45.0,186.5050542945799,0.18113113203569106,22.076687677501283,0.0
571,2021-08-16,95465426,95140,36017930,610247,328239523,233583.0,832.0,3803.9299417632046,15.399406795954382,177.02983257197573,1.968537459759685
